Iftakhar,iftakhar,Student
Malahim,malahim1234,Student
Avinash,avinash1234,Student
Renuka,renuka1234,Teacher
IT,admin1234,Admin
Principal,principal123,Admin
